accession	genbank_accession_rev	strain	date	region	country	division	location	host	date_submitted	sra_accession	abbr_authors	authors	institution	clade	qc.overallScore	qc.overallStatus	alignmentScore	alignmentStart	alignmentEnd	genome_coverage	subtypes	F_coverage	G_coverage
LC147064	LC147064.1	2013-VTE85	2013-XX-XX	Asia	Laos	Vientiane	Vientiane Capital	Homo sapiens	2016-09-16		Phommanivong et al.	Phommanivong,V.,Kanda,S.,Shimono,T.,Lamaningao,P.,Darcy,A.W.,Mishima,N.,Phaytanavanh,B.,Nishiyama,T.	Public Health; 2-5-1 Shin-machi, Hirakata, Osaka 573-1010	II-ECSA	0	good	1482	10406	10923	0.04371723321495011		0.0	0.0
LC331252	LC331252.1	3216DP0112	2016-XX-XX	Asia	Japan	Tokyo		Homo sapiens	2017-11-02		Yoshida et al.	Yoshida,I.,Kaku,E.,Hasegawa,M.,Nagashima,M.,Shinakai,T.,Sadamasu,K.,Shinkai,T.	Microbiology; 3-24-1 hyakunin-cho, Shinjuku-ku, Tokyo 169-0073	II-ECSA	0	good	33841	12	11797	0.9966176221883984		1.0	1.0
LT964950	LT964950.1	ISS 981/Guardavalle serum Italy 2017	2017-10-06	Europe	Italy	Calabria Region	Guardavalle	Homo sapiens	2019-01-10		Remoli et al.	Remoli,M.	ISTITUTO SUPERIORE DI SANITA, Department of infectious diseses, V.le Regina Elena 299, 00161	II-ECSA	0	good	1389	10579	11065	0.04118044985624894		0.0	0.0
MG271971	MG271971.1	Fiji2015-250315-0815	2015-03-25	Oceania	Fiji	Nadi		Homo sapiens	2018-11-26		Kama et al.	Kama,M.,Aubry,M.,Naivalu,T.,Vanhomwegen,J.,Mariteragi-Helle,T.,Teissier,A.,Paoaafaite,T.,Hue,S.,Hibberd,M.,Manuguerra,J.-C.,Christi,K.,Watson,C.,Nilles,E.,Aaskov,J.,Lau,C.,Musso,D.,Kucharski,A.,Cao-Lormeau,V.-M.	Institut Louis Malarde, Unit of Emerging Infectious Diseases	III-Asian	0	good	3168	10174	11313	0.09639776763064434		0.0	0.0
MG967257	MG967257.1	Samoa2014-090514-S9541	2014-05-09	Oceania	Samoa			Homo sapiens	2019-03-16		Teissier et al.	Teissier,A.,Naivalu,T.,Paofaaite,T.,Paoaafaite,T.	Institut Louis Malarde, Unit of Emerging Infectious Diseases	III-Asian	0	good	3676	9994	11313	0.11161846778285134		0.0	0.0
MG967266	MG967266.1	Nauru2015-290515-3031	2015-XX-XX	Oceania	Nauru			Homo sapiens	2019-03-16		Teissier et al.	Teissier,A.,Naivalu,T.,Paofaaite,T.	Institut Louis Malarde, Unit of Emerging Infectious Diseases	III-Asian	0	good	3137	10183	11313	0.09563673262303399		0.0	0.0
MH500035	MH500035.1	TM287	2014-XX-XX	Asia	Malaysia			Homo sapiens	2019-03-05		Ooi et al.	Ooi,M.K.,Adnan,N.A.A.,Hassan,S.S.,Dhanoa,A.	Monash University Malaysia, Jeffrey Cheah School of Medicine and Health Sciences	III-Asian	0	good	838	10246	10539	0.024860476915271434		0.0	0.0
MH647216	MH647216.1	SGEHI62649Y10	2010-01-XX	Asia	Singapore			Homo sapiens	2020-11-01		Hapuarachchi et al.	Hapuarachchi,H.C.,Wong,W.Y.,Koo,C.,Tien,W.P.,Lu,T.Y.,Yeo,G.,Rajarethinam,J.,Tan,E.,Chong,C.S.,Tan,C.H.,Yap,G.,Tan,L.K.,Ng,L.C.	National Environment Agency, Environmental Health Institute	II-ECSA	0	good	32407	77	11313	0.9501944867241671		1.0	1.0
MH647320	MH647320.1	SGEHI50815Y11	2011-12-XX	Asia	Singapore			Homo sapiens	2020-11-01		Hapuarachchi et al.	Hapuarachchi,H.C.,Wong,W.Y.,Koo,C.,Tien,W.P.,Lu,T.Y.,Yeo,G.,Rajarethinam,J.,Tan,E.,Chong,C.S.,Tan,C.H.,Yap,G.,Tan,L.K.,Ng,L.C.	National Environment Agency, Environmental Health Institute	II-ECSA	0	good	3824	9994	11313	0.11161846778285134		0.0	0.0
MH647497	MH647497.1	SGEHI50381Y14	2014-12-XX	Asia	Singapore			Homo sapiens	2020-11-01		Hapuarachchi et al.	Hapuarachchi,H.C.,Wong,W.Y.,Koo,C.,Tien,W.P.,Lu,T.Y.,Yeo,G.,Rajarethinam,J.,Tan,E.,Chong,C.S.,Tan,C.H.,Yap,G.,Tan,L.K.,Ng,L.C.	National Environment Agency, Environmental Health Institute	II-ECSA	0	good	3824	9994	11313	0.11161846778285134		0.0	0.0
MK632338	MK632338.1	MK632338	2016-01-07	North America	Mexico			Homo sapiens	2019-10-06		Torres-Longoria et al.	Torres-Longoria,B.,Fragoso-Fonseca,D.E.,Nunez-Leon,A.,de la Luz Torres,M.,Vazquez-Pichardo,M.,Escobar-Escamilla,N.,Wong-Arambula,C.,Ramirez-Gonzalez,J.E.,Mendez-Tenorio,A.,Castro-Mussot,M.E.,Moreno-Altamirano,M.M.B.,Membrillo-Hernandez,J.,Lopez-Martinez,I.,Diaz-Quinonez,J.A.,Del Mazo-Lopez,J.C.,Rodriguez-Maldonado,A.P.,Landa-Flores,M.G.,Serrano-Gutierrez,S.,Wong-Arambula,C.E.,Moreno-Altamirano,B.M.M.	Instituto de Diagnostico y Referencia Epidemiologicos (InDRE), Biologia Molecular y Validacion de Tecnicas	III-Asian	56.250000	mediocre	908	6880	7261	0.03230170810079486		0.0	0.10845070422535211
MK632339	MK632339.1	MK632339	2016-01-08	North America	Mexico			Homo sapiens	2019-10-06		Torres-Longoria et al.	Torres-Longoria,B.,Fragoso-Fonseca,D.E.,Nunez-Leon,A.,de la Luz Torres,M.,Vazquez-Pichardo,M.,Escobar-Escamilla,N.,Wong-Arambula,C.,Ramirez-Gonzalez,J.E.,Mendez-Tenorio,A.,Castro-Mussot,M.E.,Moreno-Altamirano,M.M.B.,Membrillo-Hernandez,J.,Lopez-Martinez,I.,Diaz-Quinonez,J.A.,Del Mazo-Lopez,J.C.,Rodriguez-Maldonado,A.P.,Landa-Flores,M.G.,Serrano-Gutierrez,S.,Wong-Arambula,C.E.,Moreno-Altamirano,B.M.M.	Instituto de Diagnostico y Referencia Epidemiologicos (InDRE), Biologia Molecular y Validacion de Tecnicas	III-Asian	56.250000	mediocre	908	6880	7261	0.03230170810079486		0.0	0.10845070422535211
MN462662	MN462662.1	00278-P-12932	2015-08-27	South America	Ecuador			Homo sapiens	2020-10-12		Berry et al.	Berry,I.M.	WRAIR, viral diseases branch	III-Asian	0	good	31847	55	11648	0.973871131405378		1.0	1.0
MT038397	MT038397.1	PY03	2016-01-21	South America	Paraguay	Yaguaron		Homo sapiens	2021-02-08		Graf et al.	Graf,T.C.,Vazquez,C.,Giovanetti,M.,Fonseca,V.S.,Bruycker,F.N.,Gomez,A.,Xavier,J.,Mendonca,M.C.L.,Jesus,J.G.,Claro,I.M.,Faria,N.R.,de Oliveira,T.,Filippis,A.M.B.,Abreu,A.L.,Oliveira,W.K.,Croda,J.,Albuquerque,C.F.C.,Rico,J.M.A.,Alcantara,L.C.J.	Fundacao Oswaldo Cruz, Laboratorio de Flavivirus	III-Asian	0	good	30880	137	11285	0.9377642482665314		1.0	1.0
MT038403	MT038403.1	PY18	2018-07-10	South America	Paraguay	Bella Vista		Homo sapiens	2021-02-08		Graf et al.	Graf,T.C.,Vazquez,C.,Giovanetti,M.,Fonseca,V.S.,Bruycker,F.N.,Gomez,A.,Xavier,J.,Mendonca,M.C.L.,Jesus,J.G.,Claro,I.M.,Faria,N.R.,de Oliveira,T.,Filippis,A.M.B.,Abreu,A.L.,Oliveira,W.K.,Croda,J.,Albuquerque,C.F.C.,Rico,J.M.A.,Alcantara,L.C.J.	Fundacao Oswaldo Cruz, Laboratorio de Flavivirus	II-ECSA	0.828100	good	33011	137	11797	0.9360730593607306		1.0	1.0
MT038408	MT038408.1	PY49	2015-05-03	South America	Paraguay	Central Paraguay	Fernando de la Mora	Homo sapiens	2021-02-08		Graf et al.	Graf,T.C.,Vazquez,C.,Giovanetti,M.,Fonseca,V.S.,Bruycker,F.N.,Gomez,A.,Xavier,J.,Mendonca,M.C.L.,Jesus,J.G.,Claro,I.M.,Faria,N.R.,de Oliveira,T.,Filippis,A.M.B.,Abreu,A.L.,Oliveira,W.K.,Croda,J.,Albuquerque,C.F.C.,Rico,J.M.A.,Alcantara,L.C.J.	Fundacao Oswaldo Cruz, Laboratorio de Flavivirus	III-Asian	0.115600	good	29353	137	10849	0.860730593607306		1.0	1.0
MT526801	MT526801.1	KLF_75443	2015-09-02	Africa	Kenya	Kilifi		Homo sapiens	2020-06-30		Nyamwaya et al.	Nyamwaya,D.K.,Otiende,M.,Omuoyo,D.O.,Githinji,G.,Karanja,H.K.,Gitonga,J.N.,deLaurent,Z.R.,Otieno,J.R.,Sang,R.,Kamau,E.,Cheruiyot,S.,Otieno,E.,Agoti,C.N.,Bejon,P.,Mwangi,T.,Warimwe,G.M.	KEMRI-Wellcome Trust Research Programme, Biosciences	II-ECSA	0	good	33461	12	11818	0.9605952984948418		1.0	1.0
MT591091	MT591091.1	TBN-103	2017-03-XX	Asia	Indonesia	Tabanan	Bali	Homo sapiens	2020-11-24		Stubbs et al.	Stubbs,S.C.B.,Johar,E.,Yudhaputri,F.A.,Yohan,B.,Santoso,M.S.,Hayati,R.F.,Denis,D.,Blacklaws,B.A.,Powers,A.M.,Sasmono,R.T.,Myint,K.S.A.,Frost,S.D.W.,Yudhaputri,F.,Hayiti,R.F.	London School of Hygiene and Tropical Medicine, Infectious Disease Epidemiology	III-Asian	0	good	30830	135	11313	0.9452900388973449		1.0	1.0
MT636917	MT636917.1	DRC_2019_MAT010_AALBF	2019-03-21	Africa	Democratic Republic of the Congo			Aedes albopictus	2020-08-24		Selhorst et al.	Selhorst,P.,Makiala-Mandanda,S.,Smet,B.,Marien,J.,Anthony,C.,Binene-Mbuka,G.,Weggheleire,A.,Ilombe,G.,Kinganda-Lusamaki,E.,Pukuta-Simbu,E.,Lubula,L.,Mbala-Kingebeni,P.,Nkuba-Ndaye,A.,Vogt,F.,Watsenga,F.,Bortel,W.V.,Vanlerberghe,V.,Arien,K.K.,Ahuka-Mundeke,S.	Institute of Tropical Medicine, Biomedical Sciences	II-ECSA	0	good	33245	58	11684	0.9831726703872823		1.0	1.0
MW161373	MW161373.1	CHIKV/Sudan124/2018	2018-10-XX	Africa	Sudan			Homo sapiens	2021-05-11		Bower et al.	Bower,H.,El Karsany,M.,Adam,A.A.A.H.,Idriss,M.I.,Alzain,M.A.,Alfakiyousif,M.E.A.,Mohamed,R.,Mahmoud,I.,Albadri,O.,Mahmoud,S.A.A.,Abdalla,O.I.,Eldigail,M.,Elagib,N.,Arnold,U.,Gutierrez,B.,Pybus,O.G.,Carter,D.P.,Pullan,S.T.,Jacob,S.T.,Abdallah,T.M.,Gannon,B.,Fletcher,T.E.,Gannon,B.W.,Mubarek,E.K.	Public Health England, UK-Public Health Rapid Support Team	II-ECSA	0	good	32371	77	11313	0.9424150177574835		1.0	1.0
MZ726813	MZ726813.1	71_Pak_2016	2016-12-26	Asia	Pakistan			Homo sapiens	2022-10-24		Badar et al.	Badar,N.	National Institute of Health, Virology PHLD	II-ECSA	0	good	4627	77	1681	0.13571790969051242		0.0	0.0
OL589270	OL589270.1	109-0425_L001	2020-07-01	Asia	Cambodia			Homo sapiens	2022-10-02		Lay et al.	Lay,S.,Chea,S.,Bohl,J.,Yek,C.,Oum,M.,Manning,J.	NIAID-NIH, ICER Cambodia	II-ECSA	0	good	33709	10	11809	0.9976323355318789		1.0	1.0
OL979155	OL979155.1	109-0460S_L1_1	2020-11-18	Asia	Cambodia			Homo sapiens	2022-02-06		Yek et al.	Yek,C.,Bohl,J.,Lay,S.,Chea,S.,Oum,M.,Manning,J.E.	National Institute of Allergy and Infectious Diseases, Laboratory of Malaria and Vector Research	II-ECSA	0	good	33769	9	11826	0.9993235244376797		1.0	1.0
OP312964	OP312964.1	LVMRJ161	2018-05-07	South America	Brazil	Duque de Caxias	Rj	Homo sapiens	2023-04-24		Moreira et al.	Moreira,F.R.R.,Menezes,M.T.,Salgado-Benvindo,C.,Paula,H.H.S.,Martins,A.F.,Chagas,R.R.,Brasil,R.D.V.,Candido,D.S.,Herlinger,A.L.,Paula,M.C.,Voloch,C.M.,Tanuri,A.,Iani,F.,Cardozo,S.V.,Faria,N.R.	Federal University of Rio de Janeiro, Department of Genetics	II-ECSA	40.195600	mediocre	32706	12	11726	0.8947234906139016		1.0	1.0
OP615961	OP615961.1	CHIKV1	2014-12-09	South America	Argentina			Homo sapiens	2023-04-22		Rojo et al.	Rojo,G.L.,Goya,S.,Viegas,M.,Nabaes Jodar,M.S.,Lopez,M.C.A.,Mistchenko,A.S.,Valinoto,L.E.	Ricardo Gutierrez Children's Hospital, Virology Laboratory	III-Asian	0	good	32539	3	11826	0.9997463216641299		1.0	1.0
OQ320495	OQ320495.1	CHIKV_Nika21	2021-XX-XX	North America	Nicaragua			Aedes aegypti	2023-06-27		Ignatyev et al.	Ignatyev,G.M.,Oksanich,A.S.,Samartseva,T.G.	Mechnikov Research Institute for Vaccines and Sera, Virology	II-ECSA	0	good	8138	8581	11310	0.23084728564180618		0.0	0.0
OR488125	OR488125.1	Saliva_36	2019-11-XX	North America	Guadeloupe			Aedes aegypti	2024-09-01		Gutierrez-Bugallo et al.	Gutierrez-Bugallo,G.,Vega-Rua,A.	Institut Pasteur de la Guadeloupe, Laboratoire d'Etude sur le Controle des Vecteurs (LECoV)	III-Asian	0	good	31094	41	11278	0.9501944867241671		1.0	1.0
OR715104	OR715104.1	23GZ20234	2023-10-17	Asia	India			Homo sapiens	2023-11-14		Su et al.	Su,W.,Lu,W.,Cao,Y.	Guangzhou Center for Disease Control and Prevention, Derpartment of Virology	II-ECSA	0	good	33732	44	11809	0.9949264332825977		1.0	1.0
PQ483508	PQ483508.1	CHIKV-76319-1	2024-07-07	Africa	Côte d'Ivoire			Homo sapiens	2024-11-19		Idrissi et al.	Idrissi,A.,Geoffroy,A.,Fournet,N.,Brichler,S.,Gabriela,M.,Rossi,F.,Pezzi,L.,Ayhan,N.,Klitting,R.,Grard,G.,Durand,G.A.,de Lamballerie,X.,Paty,M.-C.,Tarantola,A.,Soubise,A.Z.,Piorkowski,G.,Amaral,R.,Carrara,M.,Fontaine,A.,Durand,G.	Unite des Virus Emergents, Centre National de Reference des Arbovirus	I-WestAfrica	0	good	26921	41	11283	0.9325215626585489		1.0	1.0
PQ637676	PQ637676.1	AB3029	2020-07-15	Asia	Thailand			Homo sapiens	2025-08-18		Khongwichit et al.	Khongwichit,S.,Chuchaona,W.,Poovorawan,Y.	Chulalongkorn University, Pediatrics, Faculty of Medicine	II-ECSA	0	good	33595	23	11772	0.993573482157957		1.0	1.0
PV650261	PV650261.1	C53	2025-05-01	Asia	Sri Lanka			Homo sapiens	2025-05-27		Arachchige et al.	Arachchige,N.D.S.,Weerathunga,A.,Perera,T.,Manilgama,S.,Dasanayake,D.,Muthugala,R.	Medical Research Institute, Molecular Biology	II-ECSA	0	good	696	249	517	0.022746490783020462		0.0	0.0
AB908054	AB908054.1	CHIKV_2014_Angola	2014-01-14	Africa	Angola			Homo sapiens	2014-10-30		Parreira et al.	Parreira,R.,Centeno-Lima,S.,Lopes,A.,Portugal-Calisto,D.,Constantino,A.,Nina,J.	Microbiologia Medica; Rua da Junqueira 100, Lisboa 1349-008	II-ECSA	56.250000	mediocre	865	2787	3118	0.028073735836292912		0.04076590487955528	0.0
EU244646	EU244646.1	Madagascar 166/07	2007-01-XX	Africa	Madagascar			Homo sapiens	2008-11-01		Pistone et al.	Pistone,T.,Ezzedine,K.,Schuffenecker,I.,Receveur,M.C.,Malvy,D.,Murri,S.,Reynard,S.,Mollard,N.,Zeller,H.	Institut Pasteur, Centre National de Reference des Arbovirus	II-ECSA	0	good	2685	10189	11111	0.0780483680027059		0.0	0.0
FJ002461	FJ002461.1	IND-KA71	2007-XX-XX	Asia	India			Homo sapiens	2011-08-31		Arankalle et al.	Arankalle,V.A.	National Institute of Virology, Hepatitis	II-ECSA	0	good	1257	10567	11001	0.03678335870116692		0.0	0.0
FJ457639	FJ457639.1	CU7	2008-10-XX	Asia	Thailand			Homo sapiens	2009-06-09		Theamboonlers et al.	Theamboonlers,A.,Praianantathavorn,K.,Thongmee,C.,Vichaiwattana,P.,Wutthirattanakowit,N.,Poovorawan,Y.	Center of Excellence in Clinical Virology, Pediatrics	II-ECSA	0	good	774	10273	10538	0.022492812447150345		0.0	0.0
FJ513654	FJ513654.1	LK(EH)CH6708	2008-04-XX	Asia	Sri Lanka			Homo sapiens	2009-12-09		Hapuarachchi et al.	Hapuarachchi,H.C.,Bandara,K.B.,Sumanadasa,S.D.,Hapugoda,M.D.,Lai,Y.L.,Lee,K.S.,Tan,L.K.,Lin,R.T.,Ng,L.F.,Bucht,G.,Abeyewickreme,W.,Ng,L.C.,Bandara,K.B.A.T.,Sumanadasa,S.D.M.,Lin,R.T.P.,Ng,L.F.P.	National Environmental Agency, Environmental Health Institute	II-ECSA	0	good	33783	24	11755	0.9920514121427363		1.0	1.0
FJ513668	FJ513668.1	LK(EH)CH14908	2008-04-XX	Asia	Sri Lanka			Homo sapiens	2009-12-09		Hapuarachchi et al.	Hapuarachchi,H.C.,Bandara,K.B.,Sumanadasa,S.D.,Hapugoda,M.D.,Lai,Y.L.,Lee,K.S.,Tan,L.K.,Lin,R.T.,Ng,L.F.,Bucht,G.,Abeyewickreme,W.,Ng,L.C.,Bandara,K.B.A.T.,Sumanadasa,S.D.M.,Lin,R.T.P.,Ng,L.F.P.	National Environmental Agency, Environmental Health Institute	II-ECSA	0	good	3811	9994	11310	0.11136478944698122		0.0	0.0
GU434104	GU434104.1	BNI967	2006-XX-XX	Europe	France	Réunion		Homo sapiens	2012-01-07		Grywna et al.	Grywna,K.,Drosten,C.,Kummerer,B.M.	University of Bonn Medical Centre, Institute of Virology	II-ECSA	0	good	3635	8542	9810	0.10730593607305935		0.0	0.0
HM045799	HM045799.1	SL-CR 3	2007-XX-XX	Asia	Sri Lanka			Homo sapiens	2010-05-22		Volk et al.	Volk,S.M.,Chen,R.,Tsetsarkin,K.A.,Adams,A.P.,Garcia,T.I.,Sall,A.A.,Nasar,F.,Schuh,A.J.,Holmes,E.C.,Higgs,S.,Maharaj,P.D.,Brault,A.C.,Weaver,S.C.	University of Texas Medical Branch, Department of Pathology	II-ECSA	0	good	33942	20	11792	0.9955183493996279		1.0	1.0
HM045806	HM045806.1	ALSA-1	1986-XX-XX	Asia	India			Aedes albopictus	2010-05-22		Volk et al.	Volk,S.M.,Chen,R.,Tsetsarkin,K.A.,Adams,A.P.,Garcia,T.I.,Sall,A.A.,Nasar,F.,Schuh,A.J.,Holmes,E.C.,Higgs,S.,Maharaj,P.D.,Brault,A.C.,Weaver,S.C.	University of Texas Medical Branch, Department of Pathology	II-ECSA	0	good	34694	18	11826	0.9985624894300693		1.0	1.0
HM045809	HM045809.1	LSFS	1960-XX-XX	Africa	Democratic Republic of the Congo			Homo sapiens	2010-05-22		Volk et al.	Volk,S.M.,Chen,R.,Tsetsarkin,K.A.,Adams,A.P.,Garcia,T.I.,Sall,A.A.,Nasar,F.,Schuh,A.J.,Holmes,E.C.,Higgs,S.,Maharaj,P.D.,Brault,A.C.,Weaver,S.C.	University of Texas Medical Branch, Department of Pathology	II-ECSA	0	good	34355	18	11785	0.9950109927278877		1.0	1.0
HM045813	HM045813.1	Gibbs 63-263	1963-11-06	Asia	India			Homo sapiens	2010-05-22		Volk et al.	Volk,S.M.,Chen,R.,Tsetsarkin,K.A.,Adams,A.P.,Garcia,T.I.,Sall,A.A.,Nasar,F.,Schuh,A.J.,Holmes,E.C.,Higgs,S.,Maharaj,P.D.,Brault,A.C.,Weaver,S.C.	University of Texas Medical Branch, Department of Pathology	III-Asian	0	good	33158	18	11826	0.9985624894300693		1.0	1.0
HM045818	HM045818.1	ArA 2657	1981-09-XX	Africa	Côte d'Ivoire			Aedes luteocephalus	2010-05-22		Volk et al.	Volk,S.M.,Chen,R.,Tsetsarkin,K.A.,Adams,A.P.,Garcia,T.I.,Sall,A.A.,Nasar,F.,Schuh,A.J.,Holmes,E.C.,Higgs,S.,Maharaj,P.D.,Brault,A.C.,Weaver,S.C.	University of Texas Medical Branch, Department of Pathology	I-WestAfrica	0	good	28350	18	11785	0.9950955521731777		1.0	1.0
HQ149004	HQ149004.1	2935-Penang-2009	2009-XX-XX	Asia	Malaysia			Homo sapiens	2011-01-30		Yusof et al.	Yusof,M.A.,Sau Kuen,L.,Adnan,N.,Razak,N.I.,Ahmad Zamri,L.,Hulaimi,K.I.,Saat,Z.	Institute for Medical Research, Virology Unit	II-ECSA	0	good	751	10264	10520	0.021731777439539995		0.0	0.0
JN091151	JN091151.1	NI2009DEL1	2009-XX-XX						2011-10-22		Singh et al.	Singh,P.,Sharma,P.,Rawat,D.S.,Mittal,V.,Rai,A.	National Centre for Disease Control, Division of Biochemistry & Biotechnology	II-ECSA	0	good	858	10246	10539	0.024860476915271434		0.0	0.0
JN091152	JN091152.1	NI2009DEL2	2009-XX-XX						2011-10-22		Singh et al.	Singh,P.,Sharma,P.,Rawat,D.S.,Mittal,V.,Rai,A.	National Centre for Disease Control, Division of Biochemistry & Biotechnology	II-ECSA	0	good	862	10246	10539	0.024860476915271434		0.0	0.0
JQ065887	JQ065887.1	DG893	2010-10-XX	Asia	China			Homo sapiens	2012-01-10		Lu et al.	Lu,X.,Li,X.,Mo,Z.,Jin,F.,Wang,B.,Huang,J.,Zhao,H.,Shi,L.	Guangzhou Medical University, The State Key Laboratory of Respiratory Diseases	II-ECSA	0	good	33440	143	11781	0.9841873837307628		1.0	1.0
JQ943698	JQ943698.1	ArD196168	2008-XX-XX	Africa	Senegal				2012-07-14		Faye et al.	Faye,O.,Diallo,M.,Sow,A.,Diallo,D.,Diagne,C.T.,Guerbois,M.,Weidmann,M.,Faye,A.,Sadio,B.,Ndiaye,O.,Mondo,M.,Hanley,K.A.,Diop,O.,Weaver,S.C.,Sall,A.A.,Chen,R.	University of Texas Medical Branch, Pathology	I-WestAfrica	0	good	3163	10018	11310	0.10933536276002029		0.0	0.0
KF578459	KF578459.1	1051	2007-XX-XX	Asia	Sri Lanka			Homo sapiens	2013-12-14		Reller et al.	Reller,M.E.,Akoroda,U.,Nagahawatte,A.,Devasiri,V.,Kodikaarachchi,W.,Strouse,J.J.,Chua,R.,Hou,Y.,Chow,A.,Sessions,O.M.,Ostbye,T.,Gubler,D.J.,Woods,C.W.,Bodinayake,C.	Duke-NUS Graduate Medical School, Program in Emerging Infectious Diseases	II-ECSA	0	good	10829	7567	11313	0.31684424150177576		0.0	0.0
KF872195	KF872195.1	LEIV-CHIKV/Moscow/1/2013	2013-09-24	Europe	Russia			Homo sapiens	2014-02-11		Shchelkanov et al.	Shchelkanov,M.Y.,Lvov,D.K.,Alkhovsky,S.V.,Shchetinin,A.M.	The D.I. Ivanovsky Institute of Virology, Lab. of Biotechnology	III-Asian	0	good	32429	23	11826	0.9981396922036191		1.0	1.0
KF925302	KF925302.1	A6508	1975-06-20	Africa	Central African Republic	Bozo		Aedes africanus	2014-03-03		Desdouits et al.	Desdouits,M.,Kamgang,B.,Berthet,N.,Tricou,V.,Ngoagouni,C.,Gessain,A.,Manuguerra,J.C.,Nakoune,E.,Kazanji,M.	Institut Pasteur de Bangui, Virlogy Department	II-ECSA	0	good	2036	8495	9202	0.059868087265347536		0.0	0.0
KM258114	KM258114.1	cons LCC	2014-06-16	Asia	Thailand			Culex quinquefasciatus	2014-11-10		Kittichai et al.	Kittichai,V.,Montriwat,P.,Basanayake,C.,Chen,J.-H.,Thavara,U.,Tawatsin,A.,Siriyasatien,P.	Chulalongkorn University, Parasitology	II-ECSA	0	good	1664	10389	10944	0.047015051581261624		0.0	0.0
KP003811	KP003811.1	StBI	2007-XX-XX	Europe	Italy			Homo sapiens	2015-01-13		Moyen et al.	Moyen,N.,Thiberville,S.D.,Pastorino,B.,Nougairede,A.,Thirion,L.,Mombouli,J.V.,Dimi,Y.,Leparc-Goffart,I.,Capobianchi,M.R.,Lepfoundzou,A.D.,de Lamballerie,X.	Aix Marseille Universite, Umr190	II-ECSA	0	good	33344	21	11596	0.9788601386774902		1.0	1.0
KR559481	KR559481.1	WHCHK12	2014-09-XX	North America	Guatemala				2015-10-14		Lanciotti et al.	Lanciotti,R.S.	Centers for Disease Control and Prevention, CDC/DVBD/ADB	III-Asian	0	good	32540	1	11821	0.9995772027735498		1.0	1.0
KR559487	KR559487.1	WHCHK18	2014-07-XX	North America	Honduras				2015-10-14		Lanciotti et al.	Lanciotti,R.S.	Centers for Disease Control and Prevention, CDC/DVBD/ADB	III-Asian	0	good	32568	1	11825	0.9998308811094199		1.0	1.0
KU561444	KU561444.1	1207aTw	2012-XX-XX	Asia	Indonesia			Homo sapiens	2016-08-08		Yang et al.	Yang,C.F.,Su,C.L.,Hsu,T.C.,Chang,S.F.,Lin,C.C.,Huang,J.C.,Shu,P.Y.,Yang,C.-F.,Su,C.-L.,Hsu,T.-C.,Shu,P.-Y.	Center for Research, Diagnostics and Vaccine Development, Centers for Disease Control	III-Asian	0	good	10317	7567	11313	0.31684424150177576		0.0	0.0
KU561446	KU561446.1	1302aTw	2013-XX-XX	Asia	Indonesia			Homo sapiens	2016-08-08		Yang et al.	Yang,C.F.,Su,C.L.,Hsu,T.C.,Chang,S.F.,Lin,C.C.,Huang,J.C.,Shu,P.Y.,Yang,C.-F.,Su,C.-L.,Hsu,T.-C.,Shu,P.-Y.	Center for Research, Diagnostics and Vaccine Development, Centers for Disease Control	III-Asian	0	good	10321	7567	11313	0.31684424150177576		0.0	0.0
KU955442	KU955442.1	chik-11	2010-XX-XX	Asia	India			Homo sapiens	2017-04-12		Singh et al.	Singh,P.,Sharma,P.,Chhabra,M.,Mittal,V.,Rai,A.	National Centre for Diseases Control, Biotechnology Division	II-ECSA	0	good	2672	10198	11117	0.07779468966683578		0.0	0.0
KX009169	KX009169.1	Chik406	2013-XX-XX	Asia	Thailand			Homo sapiens	2017-02-28		Vongpunsawad et al.	Vongpunsawad,S.,Intharasongkroh,D.,Chansaenroj,J.,Poovorawan,Y.	Center of Excellence in Clinical Virology, Faculty of Medicine, Chulalongkorn University	II-ECSA	0	good	33576	24	11690	0.9865550481988838		1.0	1.0
KX262987	KX262987.1	CHIKV/Homo sapiens/THA/SVO-451-96/1996	1996-XX-XX	Asia	Thailand	Northeast Thailand		Homo sapiens	2016-10-12		Das et al.	Das,S.R.,Shabman,R.,Halpin,R.A.,Shilts,M.,Akopov,A.,Fedorova,N.,Puri,V.,Stockwell,T.,Amedeo,P.,Katzel,D.,Schobel,S.,Shrivastava,S.,Weaver,S.C.	J. Craig Venter Institute	III-Asian	0	good	32189	31	11684	0.9854557754101133		1.0	1.0
KX355790	KX355790.1	JPCK-198	2009-XX-XX	Asia	India			Homo sapiens	2016-12-31		Siva Raghavendhar et al.	Siva Raghavendhar,B.,Pratima,R.	All India Institute of Medical Sciences, Pediatrics	II-ECSA	0	good	4651	77	1681	0.13571790969051242		0.0	0.0
KY272970	KY272970.1	N587	2014-XX-XX	North America	Dominican Republic			Homo sapiens	2017-02-15		Langsjoen et al.	Langsjoen,R.M.,Rubinstein,R.J.,Kautz,T.F.,Auguste,A.J.,Erasmus,J.H.,Kiaty-Figueroa,L.,Gerhardt,R.,Lin,D.,Hari,K.L.,Jain,R.,Ruiz,N.,Muruato,A.E.,Silfa,J.,Bido,F.,Dacso,M.,Weaver,S.C.,Langsjoen,R.,Weaver,S.,Auguste,A.	University of Texas Medical Branch, Pathology	III-Asian	0	good	31730	1	11577	0.9789446981227803		1.0	1.0
KY435470	KY435470.1	14.02961	2014-07-08	North America	Bahamas			Homo sapiens	2017-05-23		Sahadeo et al.	Sahadeo,N.S.D.,Allicock,O.M.,De Salazar,P.M.,Auguste,A.J.,Widen,S.,Olowokure,B.,Gutierrez,C.,Valadere,A.M.,Polson-Edwards,K.,Weaver,S.C.,Carrington,C.V.F.	University of the West Indies, Department of Pre-Clinical Sciences, Faculty of Medical Sciences	III-Asian	0	good	31076	77	11313	0.9501944867241671		1.0	1.0
KY435475	KY435475.1	14.02346	2014-05-22	North America	Saint Vincent and the Grenadines			Homo sapiens	2017-05-23		Sahadeo et al.	Sahadeo,N.S.D.,Allicock,O.M.,De Salazar,P.M.,Auguste,A.J.,Widen,S.,Olowokure,B.,Gutierrez,C.,Valadere,A.M.,Polson-Edwards,K.,Weaver,S.C.,Carrington,C.V.F.	University of the West Indies, Department of Pre-Clinical Sciences, Faculty of Medical Sciences	III-Asian	0	good	31084	77	11313	0.9501944867241671		1.0	1.0
KY575570	KY575570.1	CHIKV/Homo sapiens/USA/2008_Sri-Lanka/2008	2008-XX-XX	North America	USA			Homo sapiens	2017-04-01		Shabman et al.	Shabman,R.,Pickett,B.E.,Das,S.R.,Fedorova,N.,Shrivastava,S.,Puri,V.,Tan,Y.,Hu,L.,Amedeo,P.,Jones,S.,Kramer,L.	J. Craig Venter Institute	II-ECSA	0	good	33898	28	11800	0.9955183493996279		1.0	1.0
